{
  "config_idx": 1,
  "algorithm": "SAC",
  "env_config": {
    "N_user": 4,
    "LEN_window": 200,
    "dataflow": "thumb_bk",
    "r_bar": 5,
    "B": 100,
    "M_list": [
      3,
      4,
      5
    ],
    "randomSeed": 999,
    "alpha_range": [
      0.01,
      1.0
    ],
    "discrete_alpha_steps": 10,
    "N_aggregation": 4
  },
  "avg_reward": -0.008059242154160092,
  "std_reward": 0.006450232514597266,
  "avg_loss_rate": 0.00906683465944695,
  "std_loss_rate": 0.0006207221343131259,
  "avg_alpha": 0.19171565194815401,
  "training_timesteps": 400000,
  "experiment_duration": 921.566346,
  "save_path": "Results/AllExperiments_20250710_145114\\Config1\\SAC"
}