{
  "config_idx": 0,
  "algorithm": "SAC",
  "env_config": {
    "N_user": 4,
    "LEN_window": 200,
    "dataflow": "thumb_fr",
    "r_bar": 5,
    "B": 100,
    "M_list": [
      3,
      4,
      5
    ],
    "randomSeed": 999,
    "alpha_range": [
      0.01,
      1.0
    ],
    "discrete_alpha_steps": 10,
    "N_aggregation": 4
  },
  "avg_reward": -0.003923869773700862,
  "std_reward": 0.00517184907136866,
  "avg_loss_rate": 0.004500142712480567,
  "std_loss_rate": 0.0003386550269274081,
  "avg_alpha": 0.03542255073547364,
  "training_timesteps": 400000,
  "experiment_duration": 883.610404,
  "save_path": "Results/AllExperiments_20250710_145114\\Config0\\SAC"
}