{
  "config_idx": 0,
  "algorithm": "TD3",
  "env_config": {
    "N_user": 4,
    "LEN_window": 200,
    "dataflow": "thumb_fr",
    "r_bar": 5,
    "B": 100,
    "M_list": [
      3,
      4,
      5
    ],
    "randomSeed": 999,
    "alpha_range": [
      0.01,
      1.0
    ],
    "discrete_alpha_steps": 10,
    "N_aggregation": 4
  },
  "avg_reward": -0.018154287394705173,
  "std_reward": 0.010709849182872475,
  "avg_loss_rate": 0.018567416450911218,
  "std_loss_rate": 0.0007359587080739352,
  "avg_alpha": 0.6884269890159368,
  "training_timesteps": 400000,
  "experiment_duration": 567.278544,
  "save_path": "Results/AllExperiments_20250710_145114\\Config0\\TD3"
}