{
  "config_idx": 0,
  "algorithm": "PPO",
  "env_config": {
    "N_user": 4,
    "LEN_window": 200,
    "dataflow": "thumb_fr",
    "r_bar": 5,
    "B": 100,
    "M_list": [
      3,
      4,
      5
    ],
    "randomSeed": 999,
    "alpha_range": [
      0.01,
      1.0
    ],
    "discrete_alpha_steps": 10,
    "N_aggregation": 4
  },
  "avg_reward": -0.01374482685026923,
  "std_reward": 0.012651096587806316,
  "avg_loss_rate": 0.015356295052892566,
  "std_loss_rate": 0.001008046547312585,
  "avg_alpha": 0.45100756908504297,
  "training_timesteps": 401408,
  "experiment_duration": 426.683989,
  "save_path": "Results/AllExperiments_20250710_145114\\Config0\\PPO"
}