{
  "config_idx": 1,
  "algorithm": "A2C",
  "env_config": {
    "N_user": 4,
    "LEN_window": 200,
    "dataflow": "thumb_bk",
    "r_bar": 5,
    "B": 100,
    "M_list": [
      3,
      4,
      5
    ],
    "randomSeed": 999,
    "alpha_range": [
      0.01,
      1.0
    ],
    "discrete_alpha_steps": 10,
    "N_aggregation": 4
  },
  "avg_reward": -0.017133055516398266,
  "std_reward": 0.015631994514116246,
  "avg_loss_rate": 0.020312409178745983,
  "std_loss_rate": 0.0010838038526649423,
  "avg_alpha": 0.01,
  "training_timesteps": 400000,
  "experiment_duration": 417.330676,
  "save_path": "Results/AllExperiments_20250710_145114\\Config1\\A2C"
}